i7	i7seq	i5	i5seq	plate	lake	region	catchment	date	furka	weight	sex	age	condition	sciName	Concentration	Electroforesis	Tissue	Extraction	Evaporated	numReads	isReal
BIE002	N701	TCGCCTTA	S502	CTCTCTAT	A	Bienne	Alpine	Aare	17-08-31	255	188	F	3	frozen	C.confusus	70.7	Bien	muscle	1	TRUE	2648121	TRUE
BRZ001	N701	TCGCCTTA	S503	TATCCTCT	A	Brienz	Alpine	Aare	17-07-17	240	141	F	1	frozen	C.brienzii	51.2	Bien	muscle	1	FALSE	4574241	TRUE
THU001	N701	TCGCCTTA	S505	GTAAGGAG	A	Thun	Alpine	Aare	17-07-17	265	NA	F	1	fresh	C.acrinasus	52.8	Bien	muscle	1	FALSE	916038	TRUE
WAL003	N701	TCGCCTTA	S506	ACTGCATA	A	Walen	Alpine	Limmat	17-11-28	379	667	M	4	frozen	C.duplex	162.8	Bien	muscle	1	FALSE	7429401	TRUE
LAN005	N701	TCGCCTTA	S507	AAGGAGTA	A	Langfjordvatn	Arctic	Tana	17-09-17	173	50	M	4	frozen	NA	120	Bien	muscle	1	FALSE	4663149	TRUE
SUO001	N701	TCGCCTTA	S508	CTAAGCCT	A	Suopatjavri	Arctic	Kautokeinoelva	17-09-02	240	132	F	4	fresh	NA	448	Bien	gills	3	FALSE	5891756	TRUE
BRZ004	N701	TCGCCTTA	S510	CGTCTAAT	A	Brienz	Alpine	Aare	17-07-17	235	139	M	1	frozen	C.brienzii/C.fatioi	60	Bien	muscle	1	FALSE	6999093	TRUE
THU002	N701	TCGCCTTA	S511	TCTCTCCG	A	Thun	Alpine	Aare	17-07-17	292	285	F	4	frozen	C.acrinasus	398	Bien	muscle	1	FALSE	3696748	TRUE
LAN098	N701	TCGCCTTA	S513	TCGACTAG	C	Langfjordvatn	Arctic	Tana	17-09-18	220	118	M	8	frozen	NA	136.4	Bien	muscle	1	FALSE	1408717	TRUE
SUO095	N701	TCGCCTTA	S515	TTCTAGCT	C	Suopatjavri	Arctic	Kautokeinoelva	17-09-30	191	67	F	4	frozen	NA	61.5	Bien	muscle	1	TRUE	82997	TRUE
BRZ115	N701	TCGCCTTA	S516	CCTAGAGT	C	Brienz	Alpine	Aare	17-08-16	207	114	F	3	frozen	C.brienzii/C.fatioi	71.8	Utilizable	muscle	1	FALSE	1555179	TRUE
THU119	N701	TCGCCTTA	S517	GCGTAAGA	C	Thun	Alpine	Aare	17-10-11	240	184	M	4	frozen	C.profundus	145.6	Bien	muscle	1	FALSE	2390542	TRUE
WAL079	N701	TCGCCTTA	S518	CTATTAAG	C	Walen	Alpine	Limmat	17-11-29	314	396	M	3	frozen	C.duplex	106	Bien	muscle	1	FALSE	4447802	TRUE
LAN099	N701	TCGCCTTA	S520	AAGGCTAT	C	Langfjordvatn	Arctic	Tana	17-09-18	247	185	M	11	frozen	NA	170.8	Bien	muscle	1	FALSE	4783037	TRUE
HOP001	N701	TCGCCTTA	S521	GAGCCTTA	NA	NA	NA	NA	NA	NA	NA	NA	NA	NA	NA	NA	NA	NA	NA	NA	1034	FALSE
HOP002	N701	TCGCCTTA	S522	TTATGCGA	NA	NA	NA	NA	NA	NA	NA	NA	NA	NA	NA	NA	NA	NA	NA	NA	828	FALSE
LAN017	N702	CTAGTACG	S502	CTCTCTAT	A	Langfjordvatn	Arctic	Tana	17-09-09	150	34	F	7	fresh	P	266	Bien	muscle	1	FALSE	6796436	TRUE
SUO002	N702	CTAGTACG	S503	TATCCTCT	A	Suopatjavri	Arctic	Kautokeinoelva	17-09-03	200	90	NA	3	fresh	L	103.6	Bien	muscle	1	FALSE	3252939	TRUE
BIE004	N702	CTAGTACG	S505	GTAAGGAG	A	Bienne	Alpine	Aare	17-08-31	280	218	M	5	frozen	C.confusus	57.2	Bien	muscle	1	TRUE	2171805	TRUE
BRZ005	N702	CTAGTACG	S506	ACTGCATA	A	Brienz	Alpine	Aare	17-07-17	265	206	F	3	frozen	C.fatioi	71.8	Bien	muscle	1	FALSE	5640546	TRUE
THU004	N702	CTAGTACG	S507	AAGGAGTA	A	Thun	Alpine	Aare	17-07-17	288	NA	F	4	frozen	C.acrinasus	77	Bien	muscle	1	FALSE	2090315	TRUE
WAL004	N702	CTAGTACG	S508	CTAAGCCT	A	Walen	Alpine	Limmat	17-11-28	415	855	M	4	frozen	C.duplex	155.6	Bien	muscle	1	FALSE	8168562	TRUE
LAN018	N702	CTAGTACG	S510	CGTCTAAT	A	Langfjordvatn	Arctic	Tana	17-09-17	179	66	F	9	frozen	P	102	Bien	muscle	1	FALSE	4941516	TRUE
SUO003	N702	CTAGTACG	S511	TCTCTCCG	A	Suopatjavri	Arctic	Kautokeinoelva	17-09-03	250	165	M	7	fresh	NA	185.2	Bien	muscle	1	FALSE	4207339	TRUE
THU120	N702	CTAGTACG	S513	TCGACTAG	C	Thun	Alpine	Aare	17-10-11	260	230	F	2	frozen	C.fatioi	218	Bien	muscle	1	FALSE	3584115	TRUE
LAN102	N702	CTAGTACG	S515	TTCTAGCT	C	Langfjordvatn	Arctic	Tana	17-09-18	225	127	M	8	frozen	NA	73.4	Bien	muscle	1	FALSE	3531103	TRUE
SUO099	N702	CTAGTACG	S516	CCTAGAGT	C	Suopatjavri	Arctic	Kautokeinoelva	17-09-05	228	125	F	7	fresh	NA	78	Bien	muscle	1	FALSE	4482921	TRUE
THU124	N702	CTAGTACG	S517	GCGTAAGA	C	Thun	Alpine	Aare	17-10-11	265	219	F	3	frozen	C.profundus	79.4	UtilizableBanda	muscle	2	FALSE	2035729	TRUE
WAL084	N702	CTAGTACG	S518	CTATTAAG	C	Walen	Alpine	Limmat	17-11-29	330	377	F	4	fresh	C.duplex	150	Bien	muscle	1	FALSE	4763319	TRUE
LAN103	N702	CTAGTACG	S520	AAGGCTAT	C	Langfjordvatn	Arctic	Tana	17-09-19	220	125	F	8	frozen	NA	89	Bien	muscle	1	FALSE	4808087	TRUE
HOP003	N702	CTAGTACG	S521	GAGCCTTA	NA	NA	NA	NA	NA	NA	NA	NA	NA	NA	NA	NA	NA	NA	NA	NA	1200	FALSE
HOP004	N702	CTAGTACG	S522	TTATGCGA	NA	NA	NA	NA	NA	NA	NA	NA	NA	NA	NA	NA	NA	NA	NA	NA	947	FALSE
BRZ006	N703	TTCTGCCT	S502	CTCTCTAT	A	Brienz	Alpine	Aare	17-07-17	275	205	F	2	frozen	C.fatioi	85	Bien	muscle	1	FALSE	7256729	TRUE
THU005	N703	TTCTGCCT	S503	TATCCTCT	A	Thun	Alpine	Aare	17-07-17	282	292	F	5	frozen	C.steinmanni	62	Bien	muscle	1	TRUE	3653167	TRUE
LAN019	N703	TTCTGCCT	S505	GTAAGGAG	A	Langfjordvatn	Arctic	Tana	17-09-17	194	94	F	6	frozen	NA	141.6	Bien	muscle	1	FALSE	7647247	TRUE
SUO004	N703	TTCTGCCT	S506	ACTGCATA	A	Suopatjavri	Arctic	Kautokeinoelva	17-09-03	291	248	F	6	fresh	L	168.4	Bien	muscle	1	FALSE	6707676	TRUE
BIE005	N703	TTCTGCCT	S507	AAGGAGTA	A	Bienne	Alpine	Aare	17-08-31	285	240	F	4	frozen	C.confusus	62	Bien	muscle	1	TRUE	1142518	TRUE
BRZ008	N703	TTCTGCCT	S508	CTAAGCCT	A	Brienz	Alpine	Aare	17-07-17	220	110	M	2	frozen	C.fatioi	98	Bien	muscle	1	FALSE	6181766	TRUE
THU007	N703	TTCTGCCT	S510	CGTCTAAT	A	Thun	Alpine	Aare	17-07-17	260	208	M	6	frozen	C.albellus	110	Bien	muscle	1	FALSE	5103857	TRUE
WAL006	N703	TTCTGCCT	S511	TCTCTCCG	A	Walen	Alpine	Limmat	17-11-28	354	474	NA	4	frozen	C.duplex	264	Bien	muscle	1	FALSE	10255584	TRUE
THU127	N703	TTCTGCCT	S513	TCGACTAG	C	Thun	Alpine	Aare	17-10-11	265	223	F	3	frozen	C.profundus	79.6	Bien	muscle	1	FALSE	3981525	TRUE
LAN111	N703	TTCTGCCT	S515	TTCTAGCT	C	Langfjordvatn	Arctic	Tana	17-09-11	215	102	M	3	fresh	L	72.4	Bien	muscle	1	TRUE	3594149	TRUE
SUO101	N703	TTCTGCCT	S516	CCTAGAGT	C	Suopatjavri	Arctic	Kautokeinoelva	17-09-05	304	370	M	14	fresh	NA	67.6	Bien	muscle	1	FALSE	5759545	TRUE
THU128	N703	TTCTGCCT	S517	GCGTAAGA	C	Thun	Alpine	Aare	17-10-11	247	168	NA	3	frozen	C.profundus	92.4	Bien	muscle	1	FALSE	5374371	TRUE
WAL086	N703	TTCTGCCT	S518	CTATTAAG	C	Walen	Alpine	Limmat	17-11-29	342	438	M	5	frozen	C.duplex	63	Bien	muscle	1	FALSE	4926143	TRUE
LAN113	N703	TTCTGCCT	S520	AAGGCTAT	C	Langfjordvatn	Arctic	Tana	17-09-11	183	63	M	7	fresh	L	49.8	Bien	muscle	1	TRUE	3231829	TRUE
HOP005	N703	TTCTGCCT	S521	GAGCCTTA	NA	NA	NA	NA	NA	NA	NA	NA	NA	NA	NA	NA	NA	NA	NA	NA	1836	FALSE
HOP006	N703	TTCTGCCT	S522	TTATGCGA	NA	NA	NA	NA	NA	NA	NA	NA	NA	NA	NA	NA	NA	NA	NA	NA	1719	FALSE
LAN022	N704	GCTCAGGA	S502	CTCTCTAT	A	Langfjordvatn	Arctic	Tana	17-09-17	143	32	M	5	frozen	NA	173.6	Bien	muscle	1	FALSE	4481560	TRUE
SUO005	N704	GCTCAGGA	S503	TATCCTCT	A	Suopatjavri	Arctic	Kautokeinoelva	17-09-03	244	150	M	5	fresh	NA	109.2	Bien	muscle	1	FALSE	5085731	TRUE
BRZ011	N704	GCTCAGGA	S505	GTAAGGAG	A	Brienz	Alpine	Aare	17-07-17	220	124	F	1	frozen	C.brienzii	83.8	Bien	muscle	1	FALSE	4173341	TRUE
THU010	N704	GCTCAGGA	S506	ACTGCATA	A	Thun	Alpine	Aare	17-07-17	258	209	F	4	frozen	C.albellus	69.6	Bien	muscle	1	FALSE	2597335	TRUE
LAN029	N704	GCTCAGGA	S507	AAGGAGTA	A	Langfjordvatn	Arctic	Tana	17-09-17	141	33	F	5	frozen	NA	113	Utilizable	gills	3	FALSE	508283	TRUE
SUO006	N704	GCTCAGGA	S508	CTAAGCCT	A	Suopatjavri	Arctic	Kautokeinoelva	17-09-28	257	127	M	5	frozen	NA	280	Utilizable	gills	3	FALSE	1457676	TRUE
BIE006	N704	GCTCAGGA	S510	CGTCTAAT	A	Bienne	Alpine	Aare	17-08-31	270	199	F	4	frozen	C.confusus	72.4	Bien	muscle	1	TRUE	672165	TRUE
BRZ013	N704	GCTCAGGA	S511	TCTCTCCG	A	Brienz	Alpine	Aare	17-07-17	210	108	F	2	frozen	C.brienzii/C.fatioi	71.2	Bien	muscle	1	FALSE	3770743	TRUE
THU143	N704	GCTCAGGA	S513	TCGACTAG	C	Thun	Alpine	Aare	18-01-11	290	273	M	2	frozen	C.acrinasus	54	UtilizableBanda	muscle	2	FALSE	2400325	TRUE
LAN114	N704	GCTCAGGA	S515	TTCTAGCT	C	Langfjordvatn	Arctic	Tana	17-09-19	170	57	NA	7	frozen	D	54	Bien	muscle	1	TRUE	4728794	TRUE
SUO104	N704	GCTCAGGA	S516	CCTAGAGT	C	Suopatjavri	Arctic	Kautokeinoelva	17-09-25	278	247	M	6	frozen	NA	119.6	Bien	muscle	1	FALSE	5335790	TRUE
THU164	N704	GCTCAGGA	S517	GCGTAAGA	C	Thun	Alpine	Aare	18-01-11	258	208	F	3	frozen	C.profundus	106	Bien	muscle	1	FALSE	5262012	TRUE
WAL088	N704	GCTCAGGA	S518	CTATTAAG	C	Walen	Alpine	Limmat	17-11-29	323	375	M	4	frozen	C.duplex	142.8	Bien	muscle	1	FALSE	5768234	TRUE
LAN115	N704	GCTCAGGA	S520	AAGGCTAT	C	Langfjordvatn	Arctic	Tana	17-09-19	175	57	NA	8	frozen	D	86.2	Bien	muscle	1	FALSE	6421662	TRUE
HOP007	N704	GCTCAGGA	S521	GAGCCTTA	NA	NA	NA	NA	NA	NA	NA	NA	NA	NA	NA	NA	NA	NA	NA	NA	1075	FALSE
HOP008	N704	GCTCAGGA	S522	TTATGCGA	NA	NA	NA	NA	NA	NA	NA	NA	NA	NA	NA	NA	NA	NA	NA	NA	870	FALSE
THU011	N705	AGGAGTCC	S502	CTCTCTAT	A	Thun	Alpine	Aare	17-07-17	252	NA	F	3	fresh	C.albellus	62.8	Bien	muscle	1	FALSE	5523094	TRUE
WAL007	N705	AGGAGTCC	S503	TATCCTCT	A	Walen	Alpine	Limmat	17-11-28	380	626	F	4	frozen	C.duplex	84.6	Bien	muscle	1	FALSE	5311750	TRUE
LAN033	N705	AGGAGTCC	S505	GTAAGGAG	A	Langfjordvatn	Arctic	Tana	18-01-10	124	34	F	4	frozen	NA	153	Bien	gills	3	FALSE	2767873	TRUE
SUO009	N705	AGGAGTCC	S506	ACTGCATA	A	Suopatjavri	Arctic	Kautokeinoelva	17-09-27	279	213	F	7	frozen	NA	206	Bien	muscle	1	FALSE	5152678	TRUE
BRZ014	N705	AGGAGTCC	S507	AAGGAGTA	A	Brienz	Alpine	Aare	17-07-17	120	NA	M	1	frozen	C.albellus	83.4	Bien	muscle	1	TRUE	1417202	TRUE
THU014	N705	AGGAGTCC	S508	CTAAGCCT	A	Thun	Alpine	Aare	17-07-17	266	NA	NA	NA	fresh	C.alpinus/C.steinmanni	54.4	Bien	muscle	1	FALSE	3889448	TRUE
LAN038	N705	AGGAGTCC	S510	CGTCTAAT	A	Langfjordvatn	Arctic	Tana	17-09-09	148	30	M	5	fresh	NA	118	Bien	muscle	1	FALSE	4475886	TRUE
SUO011	N705	AGGAGTCC	S511	TCTCTCCG	A	Suopatjavri	Arctic	Kautokeinoelva	17-09-27	288	290	M	4	frozen	NA	254	Bien	muscle	1	FALSE	6567752	TRUE
THU165	N705	AGGAGTCC	S513	TCGACTAG	C	Thun	Alpine	Aare	18-01-11	250	193	F	3	frozen	C.profundus	53.8	Bien	muscle	1	FALSE	3775605	TRUE
LAN117	N705	AGGAGTCC	S515	TTCTAGCT	C	Langfjordvatn	Arctic	Tana	17-09-19	169	50	F	6	frozen	NA	110	Bien	muscle	1	FALSE	1626962	TRUE
SUO108	N705	AGGAGTCC	S516	CCTAGAGT	C	Suopatjavri	Arctic	Kautokeinoelva	17-09-25	213	105	F	NA	frozen	NA	53.8	Bien	muscle	1	TRUE	2981823	TRUE
THU168	N705	AGGAGTCC	S517	GCGTAAGA	C	Thun	Alpine	Aare	18-01-11	270	226	M	3	frozen	C.profundus	40.6	UtilizableBanda	muscle	2	FALSE	3966843	TRUE
SUO111	N705	AGGAGTCC	S518	CTATTAAG	C	Suopatjavri	Arctic	Kautokeinoelva	17-09-25	243	157	M	6	frozen	NA	182	Bien	muscle	1	FALSE	1384828	TRUE
THU173	N705	AGGAGTCC	S520	AAGGCTAT	C	Thun	Alpine	Aare	18-01-11	260	230	M	3	frozen	C.profundus	95.6	Bien	muscle	1	FALSE	1287768	TRUE
HOP009	N705	AGGAGTCC	S521	GAGCCTTA	NA	NA	NA	NA	NA	NA	NA	NA	NA	NA	NA	NA	NA	NA	NA	NA	1006	FALSE
HOP010	N705	AGGAGTCC	S522	TTATGCGA	NA	NA	NA	NA	NA	NA	NA	NA	NA	NA	NA	NA	NA	NA	NA	NA	795	FALSE
BIE007	N706	CATGCCTA	S502	CTCTCTAT	A	Bienne	Alpine	Aare	17-08-31	270	254	F	4	frozen	C.confusus	63.6	Bien	muscle	1	TRUE	1847210	TRUE
BRZ015	N706	CATGCCTA	S503	TATCCTCT	A	Brienz	Alpine	Aare	17-07-17	130	29	F	1	frozen	C.albellus	61.8	Bien	muscle	1	TRUE	2611941	TRUE
THU019	N706	CATGCCTA	S505	GTAAGGAG	A	Thun	Alpine	Aare	17-07-17	260	NA	F	3	frozen	C.fatioi/C.albellus	108	Bien	muscle	1	FALSE	5337826	TRUE
WAL009	N706	CATGCCTA	S506	ACTGCATA	A	Walen	Alpine	Limmat	17-11-28	393	662	M	3	frozen	C.duplex	94.6	Bien	muscle	1	FALSE	7011869	TRUE
LAN039	N706	CATGCCTA	S507	AAGGAGTA	A	Langfjordvatn	Arctic	Tana	17-09-09	133	26	M	4	fresh	P	132.8	Bien	muscle	1	FALSE	6864503	TRUE
SUO012	N706	CATGCCTA	S508	CTAAGCCT	A	Suopatjavri	Arctic	Kautokeinoelva	17-09-28	218	108	F	4	frozen	NA	170.4	Bien	muscle	1	FALSE	3043444	TRUE
BRZ019	N706	CATGCCTA	S510	CGTCTAAT	A	Brienz	Alpine	Aare	17-07-17	127	20	M	1	frozen	C.albellus	64.8	Bien	muscle	1	TRUE	1740598	TRUE
THU027	N706	CATGCCTA	S511	TCTCTCCG	A	Thun	Alpine	Aare	17-07-17	255	187	M	4	frozen	C.albellus	159.6	Bien	muscle	1	FALSE	3423046	TRUE
SUO112	N706	CATGCCTA	S513	TCGACTAG	C	Suopatjavri	Arctic	Kautokeinoelva	17-09-26	184	60	M	4	frozen	NA	154.8	Bien	muscle	1	FALSE	5205225	TRUE
THU177	N706	CATGCCTA	S515	TTCTAGCT	C	Thun	Alpine	Aare	17-08-16	335	617	F	2	frozen	C.steinmanni	156.8	Bien	muscle	1	FALSE	5492388	TRUE
SUO114	N706	CATGCCTA	S516	CCTAGAGT	C	Suopatjavri	Arctic	Kautokeinoelva	17-09-05	225	117	F	7	fresh	NA	52.2	Bien	muscle	1	TRUE	5575373	TRUE
THU179	N706	CATGCCTA	S517	GCGTAAGA	C	Thun	Alpine	Aare	17-08-16	350	619	F	4	frozen	C.steinmanni	232	Bien	muscle	1	FALSE	3480636	TRUE
LAN130	N706	CATGCCTA	S518	CTATTAAG	C	Langfjordvatn	Arctic	Tana	17-09-12	213	106	M	4	fresh	NA	85.2	Bien	muscle	1	FALSE	3404902	TRUE
SUO115	N706	CATGCCTA	S520	AAGGCTAT	C	Suopatjavri	Arctic	Kautokeinoelva	17-09-27	177	62	M	4	frozen	NA	112	Bien	muscle	1	FALSE	6675679	TRUE
HOP011	N706	CATGCCTA	S521	GAGCCTTA	NA	NA	NA	NA	NA	NA	NA	NA	NA	NA	NA	NA	NA	NA	NA	NA	1251	FALSE
HOP012	N706	CATGCCTA	S522	TTATGCGA	NA	NA	NA	NA	NA	NA	NA	NA	NA	NA	NA	NA	NA	NA	NA	NA	1032	FALSE
LAN040	N707	GTAGAGAG	S502	CTCTCTAT	A	Langfjordvatn	Arctic	Tana	17-09-09	159	39	M	6	fresh	P	62.4	Bien	muscle	1	FALSE	8336791	TRUE
SUO016	N707	GTAGAGAG	S503	TATCCTCT	A	Suopatjavri	Arctic	Kautokeinoelva	17-09-28	184	63	F	3	frozen	NA	214	Bien	muscle	1	FALSE	8970782	TRUE
BIE008	N707	GTAGAGAG	S505	GTAAGGAG	A	Bienne	Alpine	Aare	17-08-31	270	203	F	4	frozen	C.confusus	51.2	Bien	muscle	1	TRUE	922171	TRUE
BRZ020	N707	GTAGAGAG	S506	ACTGCATA	A	Brienz	Alpine	Aare	17-07-17	117	15	F	1	frozen	C.albellus	137.6	Bien	muscle	1	FALSE	5001531	TRUE
THU038	N707	GTAGAGAG	S507	AAGGAGTA	A	Thun	Alpine	Aare	17-08-16	266	228	F	4	frozen	C.acrinasus	102	Bien	muscle	1	FALSE	9508053	TRUE
WAL010	N707	GTAGAGAG	S508	CTAAGCCT	A	Walen	Alpine	Limmat	17-11-28	410	853	M	5	frozen	C.duplex	188.8	Bien	muscle	1	FALSE	7698197	TRUE
LAN041	N707	GTAGAGAG	S510	CGTCTAAT	A	Langfjordvatn	Arctic	Tana	17-09-09	137	28	M	4	fresh	P	65	Bien	muscle	1	FALSE	5962959	TRUE
SUO019	N707	GTAGAGAG	S511	TCTCTCCG	A	Suopatjavri	Arctic	Kautokeinoelva	17-09-27	248	173	NA	5	frozen	L	200	Bien	muscle	1	FALSE	8199693	TRUE
SUO116	N707	GTAGAGAG	S513	TCGACTAG	C	Suopatjavri	Arctic	Kautokeinoelva	17-09-06	224	125	M	4	fresh	L	76.8	Bien	muscle	1	TRUE	5164935	TRUE
THU183	N707	GTAGAGAG	S515	TTCTAGCT	C	Thun	Alpine	Aare	17-08-16	300	365	F	2	frozen	C.acrinasus	195.2	Bien	muscle	1	FALSE	4650582	TRUE
LAN131	N707	GTAGAGAG	S516	CCTAGAGT	C	Langfjordvatn	Arctic	Tana	17-09-12	219	108	F	6	fresh	NA	81	Bien	muscle	1	FALSE	4418671	TRUE
SUO117	N707	GTAGAGAG	S517	GCGTAAGA	C	Suopatjavri	Arctic	Kautokeinoelva	17-09-06	220	118	M	5	fresh	L	68.8	Bien	muscle	1	TRUE	3372338	TRUE
THU185	N707	GTAGAGAG	S518	CTATTAAG	C	Thun	Alpine	Aare	17-08-16	325	532	F	1	frozen	C.steinmanni	298	Bien	muscle	1	FALSE	5720821	TRUE
SUO119	N707	GTAGAGAG	S520	AAGGCTAT	C	Suopatjavri	Arctic	Kautokeinoelva	17-09-06	235	145	M	4	fresh	NA	92.8	Bien	muscle	1	FALSE	5785376	TRUE
HOP013	N707	GTAGAGAG	S521	GAGCCTTA	NA	NA	NA	NA	NA	NA	NA	NA	NA	NA	NA	NA	NA	NA	NA	NA	1531	FALSE
HOP014	N707	GTAGAGAG	S522	TTATGCGA	NA	NA	NA	NA	NA	NA	NA	NA	NA	NA	NA	NA	NA	NA	NA	NA	1236	FALSE
BRZ021	N710	CAGCCTCG	S502	CTCTCTAT	A	Brienz	Alpine	Aare	17-07-17	120	NA	F	1	frozen	C.brienzii/C.fatioi	64.4	Bien	muscle	1	FALSE	3211116	TRUE
THU039	N710	CAGCCTCG	S503	TATCCTCT	A	Thun	Alpine	Aare	17-08-16	263	252	F	2	frozen	C.steinmanni	98.4	Bien	muscle	1	FALSE	5537062	TRUE
LAN042	N710	CAGCCTCG	S505	GTAAGGAG	A	Langfjordvatn	Arctic	Tana	17-09-14	207	93	F	3	frozen	NA	250	Bien	gills	3	FALSE	6861928	TRUE
SUO020	N710	CAGCCTCG	S506	ACTGCATA	A	Suopatjavri	Arctic	Kautokeinoelva	17-09-28	228	129	M	4	frozen	NA	195.2	Bien	muscle	1	FALSE	5854276	TRUE
BIE028	N710	CAGCCTCG	S507	AAGGAGTA	A	Bienne	Alpine	Aare	17-08-31	265	206	M	5	frozen	C.confusus	79.2	Bien	muscle	1	FALSE	4920479	TRUE
BRZ025	N710	CAGCCTCG	S508	CTAAGCCT	A	Brienz	Alpine	Aare	17-07-17	130	21	F	1	frozen	C.albellus	71.2	Bien	muscle	1	FALSE	2705911	TRUE
THU056	N710	CAGCCTCG	S510	CGTCTAAT	A	Thun	Alpine	Aare	18-01-11	255	178	M	2	fresh	C.profundus	70.8	Bien	muscle	1	FALSE	4413383	TRUE
WAL014	N710	CAGCCTCG	S511	TCTCTCCG	A	Walen	Alpine	Limmat	17-11-28	410	903	F	3	frozen	C.duplex	84	Bien	muscle	1	FALSE	5175876	TRUE
LAN132	N710	CAGCCTCG	S513	TCGACTAG	C	Langfjordvatn	Arctic	Tana	17-09-12	182	67	M	5	fresh	NA	77	Bien	muscle	1	FALSE	3901221	TRUE
SUO118	N710	CAGCCTCG	S515	TTCTAGCT	C	Suopatjavri	Arctic	Kautokeinoelva	17-09-06	206	89	M	4	fresh	NA	66	Bien	muscle	1	FALSE	4386421	TRUE
THU190	N710	CAGCCTCG	S516	CCTAGAGT	C	Thun	Alpine	Aare	17-08-16	280	296	F	3	frozen	C.steinmanni	112	Bien	muscle	1	FALSE	3310832	TRUE
SUO120	N710	CAGCCTCG	S517	GCGTAAGA	C	Suopatjavri	Arctic	Kautokeinoelva	17-09-06	255	169	F	6	fresh	NA	76.2	Bien	muscle	1	FALSE	3719104	TRUE
THU197	N710	CAGCCTCG	S518	CTATTAAG	C	Thun	Alpine	Aare	17-08-16	345	599	F	6	frozen	C.steinmanni	47.4	UtilizableBanda	muscle	2	FALSE	3277058	TRUE
SUO122	N710	CAGCCTCG	S520	AAGGCTAT	C	Suopatjavri	Arctic	Kautokeinoelva	17-09-06	207	93	M	4	fresh	NA	69	Bien	muscle	1	TRUE	2845818	TRUE
HOP015	N710	CAGCCTCG	S521	GAGCCTTA	NA	NA	NA	NA	NA	NA	NA	NA	NA	NA	NA	NA	NA	NA	NA	NA	1152	FALSE
HOP016	N710	CAGCCTCG	S522	TTATGCGA	NA	NA	NA	NA	NA	NA	NA	NA	NA	NA	NA	NA	NA	NA	NA	NA	919	FALSE
LAN043	N711	TGCCTCTT	S502	CTCTCTAT	A	Langfjordvatn	Arctic	Tana	17-09-14	257	183	F	12	frozen	NA	310	Bien	gills	3	FALSE	6727761	TRUE
SUO022	N711	TGCCTCTT	S503	TATCCTCT	A	Suopatjavri	Arctic	Kautokeinoelva	17-09-28	212	97	M	4	frozen	NA	55.5	Bien	muscle	1	TRUE	2517201	TRUE
BRZ026	N711	TGCCTCTT	S505	GTAAGGAG	A	Brienz	Alpine	Aare	17-07-17	125	20	M	1	frozen	C.albellus	164.8	Bien	muscle	1	FALSE	3229776	TRUE
THU060	N711	TGCCTCTT	S506	ACTGCATA	A	Thun	Alpine	Aare	18-01-11	282	262	F	3	fresh	C.profundus	99.8	Bien	muscle	1	FALSE	4765239	TRUE
LAN044	N711	TGCCTCTT	S507	AAGGAGTA	A	Langfjordvatn	Arctic	Tana	17-09-15	170	53	M	5	frozen	L	150	Bien	gills	3	FALSE	1614140	TRUE
SUO023	N711	TGCCTCTT	S508	CTAAGCCT	A	Suopatjavri	Arctic	Kautokeinoelva	17-09-29	222	110	M	4	frozen	L	63.6	Bien	muscle	1	FALSE	3802841	TRUE
BIE030	N711	TGCCTCTT	S510	CGTCTAAT	A	Bienne	Alpine	Aare	17-08-31	280	239	F	4	frozen	C.confusus	60.7	Bien	muscle	1	TRUE	2333194	TRUE
BRZ027	N711	TGCCTCTT	S511	TCTCTCCG	A	Brienz	Alpine	Aare	17-07-17	115	14	NA	1	frozen	C.albellus	202	Bien	muscle	1	FALSE	3075709	TRUE
SUO124	N711	TGCCTCTT	S513	TCGACTAG	C	Suopatjavri	Arctic	Kautokeinoelva	17-09-07	281	262	F	8	frozen	NA	167.6	Bien	muscle	1	FALSE	5223963	TRUE
THU198	N711	TGCCTCTT	S515	TTCTAGCT	C	Thun	Alpine	Aare	NA	329	621	F	4	frozen	C.steinmanni	148.4	Degradado	muscle	1	FALSE	2525253	TRUE
SUO125	N711	TGCCTCTT	S516	CCTAGAGT	C	Suopatjavri	Arctic	Kautokeinoelva	17-09-07	237	135	M	5	fresh	NA	172.8	Bien	muscle	1	FALSE	4625858	TRUE
LAN134	N711	TGCCTCTT	S517	GCGTAAGA	C	Langfjordvatn	Arctic	Tana	17-09-12	186	65	F	7	fresh	NA	314	Bien	muscle	1	FALSE	5354899	TRUE
SUO126	N711	TGCCTCTT	S518	CTATTAAG	C	Suopatjavri	Arctic	Kautokeinoelva	17-09-07	230	114	F	4	fresh	L	89.2	Bien	muscle	1	FALSE	5132658	TRUE
THU199	N711	TGCCTCTT	S520	AAGGCTAT	C	Thun	Alpine	Aare	NA	391	882	F	5	frozen	C.acrinasus	115.2	MuyDegradado	muscle	1	TRUE	1202346	TRUE
HOP017	N711	TGCCTCTT	S521	GAGCCTTA	NA	NA	NA	NA	NA	NA	NA	NA	NA	NA	NA	NA	NA	NA	NA	NA	1157	FALSE
HOP018	N711	TGCCTCTT	S522	TTATGCGA	NA	NA	NA	NA	NA	NA	NA	NA	NA	NA	NA	NA	NA	NA	NA	NA	983	FALSE
THU061	N712	TCCTCTAC	S502	CTCTCTAT	A	Thun	Alpine	Aare	18-01-11	264	199	M	3	fresh	C.profundus	182.8	Bien	muscle	1	FALSE	5723236	TRUE
WAL016	N712	TCCTCTAC	S503	TATCCTCT	A	Walen	Alpine	Limmat	17-11-28	323	399	M	4	frozen	C.duplex	216	Bien	muscle	1	FALSE	8597516	TRUE
LAN045	N712	TCCTCTAC	S505	GTAAGGAG	A	Langfjordvatn	Arctic	Tana	17-09-17	188	72	F	7	frozen	NA	56.8	Bien	gills	3	FALSE	1546752	TRUE
SUO027	N712	TCCTCTAC	S506	ACTGCATA	A	Suopatjavri	Arctic	Kautokeinoelva	17-09-28	243	147	F	7	frozen	NA	61.8	Bien	muscle	1	FALSE	4307944	TRUE
BRZ028	N712	TCCTCTAC	S507	AAGGAGTA	A	Brienz	Alpine	Aare	17-07-17	125	20	M	1	frozen	C.albellus	104	Bien	muscle	1	FALSE	4611491	TRUE
THU066	N712	TCCTCTAC	S508	CTAAGCCT	A	Thun	Alpine	Aare	17-08-16	240	187	M	4	frozen	C.albellus	108	MuyDegradado	muscle	1	FALSE	764866	TRUE
LAN047	N712	TCCTCTAC	S510	CGTCTAAT	A	Langfjordvatn	Arctic	Tana	17-09-17	205	93	M	8	frozen	NA	174	UtilizableBanda	gills	3	FALSE	1725697	TRUE
SUO030	N712	TCCTCTAC	S511	TCTCTCCG	A	Suopatjavri	Arctic	Kautokeinoelva	17-09-03	218	78	NA	6	fresh	P	453	Bien	gills	3	FALSE	7281678	TRUE
ZUR011	N712	TCCTCTAC	S513	TCGACTAG	C	Zürichsee	Alpine	Limmat	17-12-20	330	426	F	3	frozen	C.duplex	118	Bien	muscle	1	FALSE	6326622	TRUE
SUO127	N712	TCCTCTAC	S515	TTCTAGCT	C	Suopatjavri	Arctic	Kautokeinoelva	17-09-07	209	95	M	4	fresh	NA	114	Bien	muscle	1	FALSE	6083406	TRUE
ZUR018	N712	TCCTCTAC	S516	CCTAGAGT	C	Zürichsee	Alpine	Limmat	17-12-20	422	890	F	5	frozen	C.duplex	180.8	Bien	muscle	1	FALSE	4986780	TRUE
LAN049	N712	TCCTCTAC	S517	GCGTAAGA	C	Langfjordvatn	Arctic	Tana	17-09-17	167	55	F	5	frozen	L	164	Bien	gills	3	FALSE	2964000	TRUE
175600	N712	TCCTCTAC	S518	CTATTAAG	C	Zürichsee	Alpine	Limmat	17-12-13	240	134	M	3	frozen	C.zuerichensis	135.6	Bien	muscle	1	FALSE	5995014	TRUE
SUO034	N712	TCCTCTAC	S520	AAGGCTAT	C	Suopatjavri	Arctic	Kautokeinoelva	17-09-04	215	78	M	5	fresh	NA	277	Bien	gills	3	FALSE	5327639	TRUE
HOP019	N712	TCCTCTAC	S521	GAGCCTTA	NA	NA	NA	NA	NA	NA	NA	NA	NA	NA	NA	NA	NA	NA	NA	NA	1246	FALSE
HOP020	N712	TCCTCTAC	S522	TTATGCGA	NA	NA	NA	NA	NA	NA	NA	NA	NA	NA	NA	NA	NA	NA	NA	NA	969	FALSE
BIE044	N714	TCATGAGC	S502	CTCTCTAT	A	Bienne	Alpine	Aare	17-08-31	265	NA	F	3	frozen	C.confusus	85.1	Bien	muscle	1	TRUE	2984760	TRUE
BRZ031	N714	TCATGAGC	S503	TATCCTCT	A	Brienz	Alpine	Aare	17-07-17	130	22	M	1	frozen	C.albellus	103.6	Bien	muscle	1	FALSE	2093321	TRUE
THU067	N714	TCATGAGC	S505	GTAAGGAG	A	Thun	Alpine	Aare	17-08-16	295	313	F	3	frozen	C.acrinasus	134.4	Bien	muscle	1	FALSE	5465615	TRUE
WAL021	N714	TCATGAGC	S506	ACTGCATA	A	Walen	Alpine	Limmat	17-11-28	197	91	M	3	fresh	C.heglingus	168	Bien	muscle	1	FALSE	2075313	TRUE
LAN048	N714	TCATGAGC	S507	AAGGAGTA	A	Langfjordvatn	Arctic	Tana	17-09-15	181	64	F	11	frozen	NA	302	Bien	gills	3	FALSE	1546270	TRUE
SUO031	N714	TCATGAGC	S508	CTAAGCCT	A	Suopatjavri	Arctic	Kautokeinoelva	17-09-03	218	111	M	5	fresh	L	228	UtilizableBanda	gills	3	FALSE	1443812	TRUE
BRZ033	N714	TCATGAGC	S510	CGTCTAAT	A	Brienz	Alpine	Aare	17-07-17	125	19	M	1	frozen	C.albellus	55.8	Bien	muscle	1	FALSE	1308537	TRUE
THU073	N714	TCATGAGC	S511	TCTCTCCG	A	Thun	Alpine	Aare	17-08-16	260	225	F	2	frozen	C.steinmanni	96.4	Bien	muscle	1	FALSE	3546623	TRUE
BIE045	N714	TCATGAGC	S513	TCGACTAG	C	Bienne	Alpine	Aare	17-08-31	270	NA	F	3	fresh	C.confusus	55.2	Bien	muscle	1	TRUE	963133	TRUE
175601	N714	TCATGAGC	S515	TTCTAGCT	C	Zürichsee	Alpine	Limmat	17-12-13	226	135	F	1	frozen	C.zuerichensis	104.4	Bien	muscle	1	FALSE	3124307	TRUE
SUO097	N714	TCATGAGC	S516	CCTAGAGT	C	Suopatjavri	Arctic	Kautokeinoelva	17-10-01	201	75	M	5	frozen	NA	87.2	Bien	muscle	1	FALSE	2819170	TRUE
175602	N714	TCATGAGC	S517	GCGTAAGA	C	Zürichsee	Alpine	Limmat	17-12-13	217	97	M	1	frozen	C.heglingus	82	Bien	muscle	1	FALSE	2673386	TRUE
BRZ034	N714	TCATGAGC	S518	CTATTAAG	C	Brienz	Alpine	Aare	17-07-17	135	23	M	2	frozen	C.albellus	73.6	Bien	muscle	1	FALSE	1705837	TRUE
175603	N714	TCATGAGC	S520	AAGGCTAT	C	Zürichsee	Alpine	Limmat	17-12-13	227	111	M	3	frozen	C.zuerichensis	106.8	Bien	muscle	1	FALSE	4905661	TRUE
HOP021	N714	TCATGAGC	S521	GAGCCTTA	NA	NA	NA	NA	NA	NA	NA	NA	NA	NA	NA	NA	NA	NA	NA	NA	731	FALSE
HOP022	N714	TCATGAGC	S522	TTATGCGA	NA	NA	NA	NA	NA	NA	NA	NA	NA	NA	NA	NA	NA	NA	NA	NA	577	FALSE
HOP023	N715	CCTGAGAT	S502	CTCTCTAT	NA	NA	NA	NA	NA	NA	NA	NA	NA	NA	NA	NA	NA	NA	NA	NA	2810	FALSE
HOP024	N715	CCTGAGAT	S503	TATCCTCT	NA	NA	NA	NA	NA	NA	NA	NA	NA	NA	NA	NA	NA	NA	NA	NA	2591	FALSE
HOP025	N715	CCTGAGAT	S505	GTAAGGAG	NA	NA	NA	NA	NA	NA	NA	NA	NA	NA	NA	NA	NA	NA	NA	NA	2353	FALSE
HOP026	N715	CCTGAGAT	S506	ACTGCATA	NA	NA	NA	NA	NA	NA	NA	NA	NA	NA	NA	NA	NA	NA	NA	NA	3335	FALSE
HOP027	N715	CCTGAGAT	S507	AAGGAGTA	NA	NA	NA	NA	NA	NA	NA	NA	NA	NA	NA	NA	NA	NA	NA	NA	2677	FALSE
HOP028	N715	CCTGAGAT	S508	CTAAGCCT	NA	NA	NA	NA	NA	NA	NA	NA	NA	NA	NA	NA	NA	NA	NA	NA	2670	FALSE
HOP029	N715	CCTGAGAT	S510	CGTCTAAT	NA	NA	NA	NA	NA	NA	NA	NA	NA	NA	NA	NA	NA	NA	NA	NA	2323	FALSE
HOP030	N715	CCTGAGAT	S511	TCTCTCCG	NA	NA	NA	NA	NA	NA	NA	NA	NA	NA	NA	NA	NA	NA	NA	NA	2812	FALSE
HOP031	N715	CCTGAGAT	S513	TCGACTAG	NA	NA	NA	NA	NA	NA	NA	NA	NA	NA	NA	NA	NA	NA	NA	NA	1847	FALSE
HOP032	N715	CCTGAGAT	S515	TTCTAGCT	NA	NA	NA	NA	NA	NA	NA	NA	NA	NA	NA	NA	NA	NA	NA	NA	2028	FALSE
HOP033	N715	CCTGAGAT	S516	CCTAGAGT	NA	NA	NA	NA	NA	NA	NA	NA	NA	NA	NA	NA	NA	NA	NA	NA	2014	FALSE
HOP034	N715	CCTGAGAT	S517	GCGTAAGA	NA	NA	NA	NA	NA	NA	NA	NA	NA	NA	NA	NA	NA	NA	NA	NA	2155	FALSE
HOP035	N715	CCTGAGAT	S518	CTATTAAG	NA	NA	NA	NA	NA	NA	NA	NA	NA	NA	NA	NA	NA	NA	NA	NA	1963	FALSE
HOP036	N715	CCTGAGAT	S520	AAGGCTAT	NA	NA	NA	NA	NA	NA	NA	NA	NA	NA	NA	NA	NA	NA	NA	NA	1975	FALSE
HOP037	N715	CCTGAGAT	S521	GAGCCTTA	NA	NA	NA	NA	NA	NA	NA	NA	NA	NA	NA	NA	NA	NA	NA	NA	131	FALSE
175620	N715	CCTGAGAT	S522	TTATGCGA	C	Zürichsee	Alpine	Limmat	17-12-13	244	167	F	3	frozen	C.zuerichensis	71.4	Bien	muscle	1	FALSE	6056149	TRUE
BRZ039	N716	TAGCGAGT	S502	CTCTCTAT	B	Brienz	Alpine	Aare	17-07-17	130	27	F	1	frozen	C.albellus	95.2	Bien	muscle	1	FALSE	3027816	TRUE
THU079	N716	TAGCGAGT	S503	TATCCTCT	B	Thun	Alpine	Aare	17-08-16	250	221	F	5	frozen	C.albellus	190	Bien	muscle	1	FALSE	4388155	TRUE
LAN052	N716	TAGCGAGT	S505	GTAAGGAG	B	Langfjordvatn	Arctic	Tana	17-09-09	151	32	F	5	fresh	NA	64	Bien	muscle	1	TRUE	2231546	TRUE
SUO047	N716	TAGCGAGT	S506	ACTGCATA	B	Suopatjavri	Arctic	Kautokeinoelva	17-09-04	214	78	M	5	fresh	NA	244	Bien	gills	3	FALSE	4086535	TRUE
BIE048	N716	TAGCGAGT	S507	AAGGAGTA	B	Bienne	Alpine	Aare	17-08-31	275	NA	M	3	fresh	C.confusus	58.8	Bien	muscle	1	TRUE	4803049	TRUE
BRZ040	N716	TAGCGAGT	S508	CTAAGCCT	B	Brienz	Alpine	Aare	17-07-17	140	NA	NA	1	fresh	C.albellus	90	Bien	muscle	1	TRUE	1913919	TRUE
THU080	N716	TAGCGAGT	S510	CGTCTAAT	B	Thun	Alpine	Aare	17-08-16	250	212	F	1	frozen	C.albellus	246	Bien	muscle	1	FALSE	4487806	TRUE
WAL024	N716	TAGCGAGT	S511	TCTCTCCG	B	Walen	Alpine	Limmat	17-11-28	200	82	F	4	fresh	C.heglingus	148.4	Bien	muscle	1	FALSE	5593215	TRUE
175604	N716	TAGCGAGT	S513	TCGACTAG	D	Zürichsee	Alpine	Limmat	17-12-13	217	106	M	2	frozen	C.zuerichensis	119.2	Bien	muscle	1	FALSE	5998725	TRUE
SUO100	N716	TAGCGAGT	S515	TTCTAGCT	D	Suopatjavri	Arctic	Kautokeinoelva	17-09-05	197	80	M	4	fresh	NA	91.8	Bien	muscle	1	FALSE	5473534	TRUE
175605	N716	TAGCGAGT	S516	CCTAGAGT	D	Zürichsee	Alpine	Limmat	17-12-13	249	155	M	3	frozen	C.zuerichensis	90	Bien	muscle	1	FALSE	5793467	TRUE
SUO043	N716	TAGCGAGT	S517	GCGTAAGA	D	Suopatjavri	Arctic	Kautokeinoelva	17-09-30	182	50	M	NA	frozen	NA	261	Bien	gills	3	FALSE	6796193	TRUE
175606	N716	TAGCGAGT	S518	CTATTAAG	D	Zürichsee	Alpine	Limmat	17-12-13	221	99	M	2	frozen	C.zuerichensis	79.6	Bien	muscle	1	FALSE	7690337	TRUE
SUO102	N716	TAGCGAGT	S520	AAGGCTAT	D	Suopatjavri	Arctic	Kautokeinoelva	17-09-29	236	95	M	7	frozen	P	78.4	Bien	muscle	1	TRUE	6297065	TRUE
HOP038	N716	TAGCGAGT	S521	GAGCCTTA	NA	NA	NA	NA	NA	NA	NA	NA	NA	NA	NA	NA	NA	NA	NA	NA	1504	FALSE
HOP039	N716	TAGCGAGT	S522	TTATGCGA	NA	NA	NA	NA	NA	NA	NA	NA	NA	NA	NA	NA	NA	NA	NA	NA	1428	FALSE
LAN059	N718	GTAGCTCC	S502	CTCTCTAT	B	Langfjordvatn	Arctic	Tana	17-09-10	266	226	M	11	fresh	D	260	Bien	muscle	1	FALSE	5506580	TRUE
SUO048	N718	GTAGCTCC	S503	TATCCTCT	B	Suopatjavri	Arctic	Kautokeinoelva	17-09-04	211	75	F	5	fresh	P	264	Bien	muscle	1	FALSE	4719727	TRUE
BRZ041	N718	GTAGCTCC	S505	GTAAGGAG	B	Brienz	Alpine	Aare	17-07-17	115	NA	NA	1	fresh	C.albellus	104.4	Bien	muscle	1	FALSE	2871061	TRUE
THU081	N718	GTAGCTCC	S506	ACTGCATA	B	Thun	Alpine	Aare	17-08-16	255	261	F	2	frozen	C.fatioi	183.6	Bien	muscle	1	FALSE	3916970	TRUE
LAN060	N718	GTAGCTCC	S507	AAGGAGTA	B	Langfjordvatn	Arctic	Tana	17-09-10	219	129	M	11	fresh	NA	284	Bien	muscle	1	FALSE	5078293	TRUE
SUO049	N718	GTAGCTCC	S508	CTAAGCCT	B	Suopatjavri	Arctic	Kautokeinoelva	17-10-01	194	68	M	4	frozen	NA	148	Bien	muscle	1	FALSE	3949477	TRUE
BIE049	N718	GTAGCTCC	S510	CGTCTAAT	B	Bienne	Alpine	Aare	17-08-31	255	NA	M	4	fresh	C.confusus	66	Bien	muscle	1	TRUE	2220749	TRUE
BRZ044	N718	GTAGCTCC	S511	TCTCTCCG	B	Brienz	Alpine	Aare	17-08-16	275	264	F	3	frozen	C.alpinus	41.1	UtilizableBanda	muscle	2	FALSE	2468601	TRUE
THU077	N718	GTAGCTCC	S513	TCGACTAG	D	Thun	Alpine	Aare	17-08-16	235	185	F	5	frozen	C.albellus	168.8	Bien	muscle	1	FALSE	4218228	TRUE
175607	N718	GTAGCTCC	S515	TTCTAGCT	D	Zürichsee	Alpine	Limmat	17-12-13	233	108	M	1	frozen	C.zuerichensis	142.4	Bien	muscle	1	FALSE	4760793	TRUE
WAL022	N718	GTAGCTCC	S516	CCTAGAGT	D	Walen	Alpine	Limmat	17-11-28	203	95	F	3	frozen	C.heglingus	94.4	Bien	muscle	1	FALSE	5456848	TRUE
175608	N718	GTAGCTCC	S517	GCGTAAGA	D	Zürichsee	Alpine	Limmat	17-12-13	220	91	M	3	frozen	C.zuerichensis	57.6	Bien	muscle	1	FALSE	4536799	TRUE
SUO105	N718	GTAGCTCC	S518	CTATTAAG	D	Suopatjavri	Arctic	Kautokeinoelva	17-09-26	201	83	M	3	frozen	NA	78.6	Bien	muscle	1	FALSE	4810588	TRUE
175609	N718	GTAGCTCC	S520	AAGGCTAT	D	Zürichsee	Alpine	Limmat	17-12-13	236	124	F	2	frozen	C.heglingus	66.4	Bien	muscle	1	FALSE	5597658	TRUE
HOP040	N718	GTAGCTCC	S521	GAGCCTTA	NA	NA	NA	NA	NA	NA	NA	NA	NA	NA	NA	NA	NA	NA	NA	NA	1150	FALSE
HOP041	N718	GTAGCTCC	S522	TTATGCGA	NA	NA	NA	NA	NA	NA	NA	NA	NA	NA	NA	NA	NA	NA	NA	NA	928	FALSE
THU082	N719	TACTACGC	S502	CTCTCTAT	B	Thun	Alpine	Aare	17-08-16	240	197	F	1	frozen	C.albellus	84.4	Bien	muscle	1	FALSE	5358962	TRUE
WAL030	N719	TACTACGC	S503	TATCCTCT	B	Walen	Alpine	Limmat	17-11-28	172	55	M	3	frozen	C.heglingus	114	Bien	muscle	1	FALSE	3079301	TRUE
LAN061	N719	TACTACGC	S505	GTAAGGAG	B	Langfjordvatn	Arctic	Tana	17-09-10	188	64	F	9	fresh	NA	66	Bien	muscle	1	FALSE	3842355	TRUE
SUO056	N719	TACTACGC	S506	ACTGCATA	B	Suopatjavri	Arctic	Kautokeinoelva	17-10-01	194	64	M	4	frozen	NA	488	Bien	gills	3	FALSE	5722248	TRUE
BRZ045	N719	TACTACGC	S507	AAGGAGTA	B	Brienz	Alpine	Aare	17-08-16	340	561	M	4	frozen	C.alpinus	54	UtilizableBanda	muscle	2	FALSE	956004	TRUE
THU083	N719	TACTACGC	S508	CTAAGCCT	B	Thun	Alpine	Aare	17-08-16	250	191	F	2	frozen	C.albellus	145.2	Bien	muscle	1	FALSE	3745806	TRUE
LAN062	N719	TACTACGC	S510	CGTCTAAT	B	Langfjordvatn	Arctic	Tana	17-09-14	206	123	M	6	frozen	NA	210	Bien	gills	3	FALSE	1893847	TRUE
SUO058	N719	TACTACGC	S511	TCTCTCCG	B	Suopatjavri	Arctic	Kautokeinoelva	17-10-01	190	64	M	4	frozen	NA	269	Bien	gills	3	FALSE	3184393	TRUE
175610	N719	TACTACGC	S513	TCGACTAG	D	Zürichsee	Alpine	Limmat	17-12-13	230	101	F	2	frozen	C.zuerichensis	71.6	Bien	muscle	1	FALSE	6872532	TRUE
LAN119	N719	TACTACGC	S515	TTCTAGCT	D	Langfjordvatn	Arctic	Tana	17-09-24	225	125	M	12	frozen	NA	66	Bien	muscle	1	FALSE	4787378	TRUE
175611	N719	TACTACGC	S516	CCTAGAGT	D	Zürichsee	Alpine	Limmat	17-12-13	230	105	M	2	frozen	C.zuerichensis	95.2	Bien	muscle	1	FALSE	5948079	TRUE
THU182	N719	TACTACGC	S517	GCGTAAGA	D	Thun	Alpine	Aare	17-08-16	370	447	M	2	frozen	C.alpinus	125.6	Bien	muscle	1	FALSE	3769828	TRUE
175612	N719	TACTACGC	S518	CTATTAAG	D	Zürichsee	Alpine	Limmat	17-12-13	241	114	M	2	frozen	C.zuerichensis	108.4	Bien	muscle	1	FALSE	6256268	TRUE
LAN133	N719	TACTACGC	S520	AAGGCTAT	D	Langfjordvatn	Arctic	Tana	17-09-12	186	71	F	7	fresh	NA	52.5	Bien	muscle	1	TRUE	3642256	TRUE
HOP042	N719	TACTACGC	S521	GAGCCTTA	NA	NA	NA	NA	NA	NA	NA	NA	NA	NA	NA	NA	NA	NA	NA	NA	1000	FALSE
HOP043	N719	TACTACGC	S522	TTATGCGA	NA	NA	NA	NA	NA	NA	NA	NA	NA	NA	NA	NA	NA	NA	NA	NA	827	FALSE
BIE050	N720	AGGCTCCG	S502	CTCTCTAT	B	Bienne	Alpine	Aare	17-08-31	270	NA	F	3	fresh	C.confusus	124.8	Bien	muscle	1	FALSE	4509917	TRUE
BRZ046	N720	AGGCTCCG	S503	TATCCTCT	B	Brienz	Alpine	Aare	17-12-14	NA	NA	M	2	frozen	C.alpinus	92.8	Utilizable	muscle	3	FALSE	3991566	TRUE
THU084	N720	AGGCTCCG	S505	GTAAGGAG	B	Thun	Alpine	Aare	17-08-16	242	197	F	3	frozen	C.albellus	126.4	Bien	muscle	1	FALSE	4680257	TRUE
WAL031	N720	AGGCTCCG	S506	ACTGCATA	B	Walen	Alpine	Limmat	17-11-28	185	69	F	3	frozen	C.heglingus	126.8	Bien	muscle	1	FALSE	6515468	TRUE
LAN063	N720	AGGCTCCG	S507	AAGGAGTA	B	Langfjordvatn	Arctic	Tana	17-09-14	239	145	F	5	frozen	NA	288	Bien	gills	3	FALSE	3142949	TRUE
SUO059	N720	AGGCTCCG	S508	CTAAGCCT	B	Suopatjavri	Arctic	Kautokeinoelva	17-09-04	190	67	F	4	fresh	NA	444	Bien	gills	3	FALSE	6464922	TRUE
BRZ047	N720	AGGCTCCG	S510	CGTCTAAT	B	Brienz	Alpine	Aare	17-12-14	242	179	M	2	frozen	C.alpinus	88.7	Utilizable	muscle	2	FALSE	2906622	TRUE
THU086	N720	AGGCTCCG	S511	TCTCTCCG	B	Thun	Alpine	Aare	17-08-16	230	171	F	2	frozen	C.steinmanni	79.2	Bien	muscle	1	FALSE	4321755	TRUE
THU187	N720	AGGCTCCG	S513	TCGACTAG	D	Thun	Alpine	Aare	17-08-16	371	715	F	5	frozen	C.acrinasus	72.8	Bien	muscle	1	FALSE	4858803	TRUE
175613	N720	AGGCTCCG	S515	TTCTAGCT	D	Zürichsee	Alpine	Limmat	17-12-13	241	115	F	3	frozen	C.zuerichensis	108.8	Bien	muscle	1	FALSE	6340853	TRUE
SUO092	N720	AGGCTCCG	S516	CCTAGAGT	D	Suopatjavri	Arctic	Kautokeinoelva	17-09-30	225	71	F	5	frozen	NA	66.4	Bien	muscle	1	TRUE	4796077	TRUE
175614	N720	AGGCTCCG	S517	GCGTAAGA	D	Zürichsee	Alpine	Limmat	17-12-13	245	125	M	2	frozen	C.zuerichensis	96.4	Bien	muscle	1	FALSE	6262117	TRUE
LAN135	N720	AGGCTCCG	S518	CTATTAAG	D	Langfjordvatn	Arctic	Tana	17-09-12	175	59	F	7	fresh	NA	124	Bien	muscle	1	FALSE	6332640	TRUE
175615	N720	AGGCTCCG	S520	AAGGCTAT	D	Zürichsee	Alpine	Limmat	17-12-13	231	155	F	2	frozen	C.heglingus	109.6	Bien	muscle	1	FALSE	6717553	TRUE
HOP044	N720	AGGCTCCG	S521	GAGCCTTA	NA	NA	NA	NA	NA	NA	NA	NA	NA	NA	NA	NA	NA	NA	NA	NA	1389	FALSE
HOP045	N720	AGGCTCCG	S522	TTATGCGA	NA	NA	NA	NA	NA	NA	NA	NA	NA	NA	NA	NA	NA	NA	NA	NA	1093	FALSE
LAN064	N721	GCAGCGTA	S502	CTCTCTAT	B	Langfjordvatn	Arctic	Tana	17-09-14	254	195	F	12	frozen	NA	156	Bien	gills	3	FALSE	2690481	TRUE
SUO060	N721	GCAGCGTA	S503	TATCCTCT	B	Suopatjavri	Arctic	Kautokeinoelva	17-09-04	291	276	F	8	fresh	NA	200	Utilizable	muscle	1	FALSE	2947236	TRUE
BIE092	N721	GCAGCGTA	S505	GTAAGGAG	B	Bienne	Alpine	Aare	17-12-19	290	239	M	4	frozen	C.confusus	103.6	Bien	muscle	1	FALSE	5475228	TRUE
BRZ052	N721	GCAGCGTA	S506	ACTGCATA	B	Brienz	Alpine	Aare	17-12-14	246	163	M	1	frozen	C.fatioi	282	Bien	muscle	1	FALSE	5276358	TRUE
THU087	N721	GCAGCGTA	S507	AAGGAGTA	B	Thun	Alpine	Aare	17-08-16	250	233	F	3	frozen	C.albellus	258	Bien	muscle	1	FALSE	4838099	TRUE
WAL033	N721	GCAGCGTA	S508	CTAAGCCT	B	Walen	Alpine	Limmat	17-11-28	198	89	F	2	fresh	C.heglingus	240	Bien	muscle	1	FALSE	6439088	TRUE
LAN065	N721	GCAGCGTA	S510	CGTCTAAT	B	Langfjordvatn	Arctic	Tana	17-09-15	252	182	F	8	frozen	NA	232	Bien	gills	3	FALSE	4329976	TRUE
SUO061	N721	GCAGCGTA	S511	TCTCTCCG	B	Suopatjavri	Arctic	Kautokeinoelva	17-09-04	216	105	F	4	fresh	NA	254	Bien	muscle	1	FALSE	2807715	TRUE
175616	N721	GCAGCGTA	S513	TCGACTAG	D	Zürichsee	Alpine	Limmat	17-12-13	251	180	F	2	frozen	C.heglingus	79.8	Bien	muscle	1	FALSE	7034394	TRUE
BRZ111	N721	GCAGCGTA	S515	TTCTAGCT	D	Brienz	Alpine	Aare	17-08-16	228	133	M	2	frozen	C.fatioi	163.2	MuyDegradado	muscle	1	TRUE	1161955	TRUE
175617	N721	GCAGCGTA	S516	CCTAGAGT	D	Zürichsee	Alpine	Limmat	17-12-13	255	174	M	3	frozen	C.zuerichensis	64.4	Bien	muscle	1	FALSE	6365599	TRUE
THU114	N721	GCAGCGTA	S517	GCGTAAGA	D	Thun	Alpine	Aare	17-10-11	270	240	F	2	frozen	C.acrinasus	110	UtilizableBanda	muscle	1	FALSE	4896927	TRUE
175618	N721	GCAGCGTA	S518	CTATTAAG	D	Zürichsee	Alpine	Limmat	17-12-13	270	170	M	4	frozen	C.heglingus	92.4	Bien	muscle	1	FALSE	7820706	TRUE
WAL078	N721	GCAGCGTA	S520	AAGGCTAT	D	Walen	Alpine	Limmat	17-11-29	346	496	M	4	frozen	C.duplex	116	Bien	muscle	1	FALSE	6679686	TRUE
HOP046	N721	GCAGCGTA	S521	GAGCCTTA	NA	NA	NA	NA	NA	NA	NA	NA	NA	NA	NA	NA	NA	NA	NA	NA	1331	FALSE
HOP047	N721	GCAGCGTA	S522	TTATGCGA	NA	NA	NA	NA	NA	NA	NA	NA	NA	NA	NA	NA	NA	NA	NA	NA	1028	FALSE
BRZ054	N722	CTGCGCAT	S502	CTCTCTAT	B	Brienz	Alpine	Aare	17-12-14	188	81	M	1	frozen	C.fatioi	102	Bien	muscle	1	FALSE	4575408	TRUE
THU091	N722	CTGCGCAT	S503	TATCCTCT	B	Thun	Alpine	Aare	17-10-11	247	210	M	4	frozen	C.profundus	74.4	Utilizable	muscle	1	FALSE	3433262	TRUE
LAN067	N722	CTGCGCAT	S505	GTAAGGAG	B	Langfjordvatn	Arctic	Tana	17-09-15	208	104	F	7	frozen	NA	178	Bien	gills	3	FALSE	5445366	TRUE
SUO076	N722	CTGCGCAT	S506	ACTGCATA	B	Suopatjavri	Arctic	Kautokeinoelva	17-09-27	230	128	M	5	frozen	NA	275	UtilizableBanda	gills	3	FALSE	4920353	TRUE
BRZ057	N722	CTGCGCAT	S507	AAGGAGTA	B	Brienz	Alpine	Aare	17-12-14	235	149	F	1	frozen	C.brienzii	183.2	Bien	muscle	1	FALSE	5882962	TRUE
THU097	N722	CTGCGCAT	S508	CTAAGCCT	B	Thun	Alpine	Aare	17-10-11	265	252	F	2	frozen	C.acrinasus	50	Bien	muscle	1	TRUE	5004721	TRUE
WAL036	N722	CTGCGCAT	S510	CGTCTAAT	B	Walen	Alpine	Limmat	17-11-28	185	64	M	3	frozen	C.heglingus	100	Bien	muscle	1	FALSE	6025917	TRUE
LAN071	N722	CTGCGCAT	S511	TCTCTCCG	B	Langfjordvatn	Arctic	Tana	17-09-14	200	89	M	7	frozen	NA	62.6	Bien	muscle	1	FALSE	5155304	TRUE
LAN097	N722	CTGCGCAT	S513	TCGACTAG	D	Langfjordvatn	Arctic	Tana	17-09-18	176	62	M	8	frozen	NA	104	Bien	muscle	1	FALSE	5217971	TRUE
175619	N722	CTGCGCAT	S515	TTCTAGCT	D	Zürichsee	Alpine	Limmat	17-12-13	240	135	M	2	frozen	C.zuerichensis	126	Bien	muscle	1	FALSE	7111201	TRUE
SUO094	N722	CTGCGCAT	S516	CCTAGAGT	D	Suopatjavri	Arctic	Kautokeinoelva	17-09-30	203	78	M	5	frozen	NA	55.8	Bien	muscle	1	TRUE	7071516	TRUE
THU118	N722	CTGCGCAT	S517	GCGTAAGA	D	Thun	Alpine	Aare	17-10-11	250	210	F	3	frozen	C.profundus	172.4	Degradado	muscle	1	FALSE	2575441	TRUE
BRZ114	N722	CTGCGCAT	S518	CTATTAAG	D	Brienz	Alpine	Aare	17-08-16	220	123	M	2	frozen	C.brienzii/C.fatioi	60	Utilizable	muscle	2	FALSE	3126646	TRUE
LAN050	N722	CTGCGCAT	S520	AAGGCTAT	D	Langfjordvatn	Arctic	Tana	17-09-14	255	181	F	7	frozen	NA	244	Bien	gills	3	FALSE	5414176	TRUE
HOP048	N722	CTGCGCAT	S521	GAGCCTTA	NA	NA	NA	NA	NA	NA	NA	NA	NA	NA	NA	NA	NA	NA	NA	NA	1567	FALSE
HOP049	N722	CTGCGCAT	S522	TTATGCGA	NA	NA	NA	NA	NA	NA	NA	NA	NA	NA	NA	NA	NA	NA	NA	NA	1489	FALSE
SUO077	N723	GAGCGCTA	S502	CTCTCTAT	B	Suopatjavri	Arctic	Kautokeinoelva	17-09-29	209	92	F	5	frozen	NA	91	UtilizableBanda	muscle	1	FALSE	4258314	TRUE
BRZ066	N723	GAGCGCTA	S503	TATCCTCT	B	Brienz	Alpine	Aare	17-12-14	131	22	M	2	frozen	C.albellus	100.9	MuyDegradado	muscle	1	FALSE	1169011	TRUE
THU099	N723	GAGCGCTA	S505	GTAAGGAG	B	Thun	Alpine	Aare	17-10-11	260	232	F	3	frozen	C.profundus	116	UtilizableBanda	muscle	1	FALSE	4330502	TRUE
LAN072	N723	GAGCGCTA	S506	ACTGCATA	B	Langfjordvatn	Arctic	Tana	17-09-10	245	171	M	16	fresh	D	95.8	Bien	muscle	1	FALSE	3787751	TRUE
SUO080	N723	GAGCGCTA	S507	AAGGAGTA	B	Suopatjavri	Arctic	Kautokeinoelva	17-09-28	230	135	F	5	frozen	NA	465	UtilizableBanda	gills	3	FALSE	4422635	TRUE
BRZ068	N723	GAGCGCTA	S508	CTAAGCCT	B	Brienz	Alpine	Aare	17-12-14	135	26	M	2	frozen	C.albellus	110	Bien	muscle	1	FALSE	3310761	TRUE
THU104	N723	GAGCGCTA	S510	CGTCTAAT	B	Thun	Alpine	Aare	17-10-11	285	345	F	2	frozen	C.profundus	110	Bien	muscle	1	FALSE	4868337	TRUE
WAL040	N723	GAGCGCTA	S511	TCTCTCCG	B	Walen	Alpine	Limmat	17-11-28	174	55	M	3	frozen	C.heglingus	64.2	Bien	muscle	1	FALSE	6218488	TRUE
BRZ108	N723	GAGCGCTA	S513	TCGACTAG	D	Brienz	Alpine	Aare	17-08-16	225	135	M	1	frozen	C.fatioi	83.2	Utilizable	muscle	2	FALSE	655051	TRUE
THU111	N723	GAGCGCTA	S515	TTCTAGCT	D	Thun	Alpine	Aare	17-10-11	265	263	F	2	frozen	C.profundus	70	Bien	muscle	1	FALSE	4364969	TRUE
WAL045	N723	GAGCGCTA	S516	CCTAGAGT	D	Walen	Alpine	Limmat	17-11-28	176	53	M	2	frozen	C.heglingus	212	Bien	muscle	1	FALSE	7987819	TRUE
LAN093	N723	GAGCGCTA	S517	GCGTAAGA	D	Langfjordvatn	Arctic	Tana	17-09-19	177	62	M	10	frozen	NA	80.8	Bien	muscle	1	FALSE	5209356	TRUE
SUO090	N723	GAGCGCTA	S518	CTATTAAG	D	Suopatjavri	Arctic	Kautokeinoelva	17-09-30	192	66	F	4	frozen	NA	99.6	Bien	muscle	1	FALSE	6103131	TRUE
BRZ110	N723	GAGCGCTA	S520	AAGGCTAT	D	Brienz	Alpine	Aare	17-08-16	232	142	M	1	frozen	C.fatioi	96.3	Degradado	muscle	1	FALSE	1222548	TRUE
HOP050	N723	GAGCGCTA	S521	GAGCCTTA	NA	NA	NA	NA	NA	NA	NA	NA	NA	NA	NA	NA	NA	NA	NA	NA	1158	FALSE
HOP051	N723	GAGCGCTA	S522	TTATGCGA	NA	NA	NA	NA	NA	NA	NA	NA	NA	NA	NA	NA	NA	NA	NA	NA	866	FALSE
LAN074	N724	CGCTCAGT	S502	CTCTCTAT	B	Langfjordvatn	Arctic	Tana	17-09-10	233	151	M	13	fresh	NA	60.8	Bien	muscle	1	FALSE	5424633	TRUE
SUO081	N724	CGCTCAGT	S503	TATCCTCT	B	Suopatjavri	Arctic	Kautokeinoelva	17-09-29	231	118	M	5	frozen	NA	355	Utilizable	gills	3	FALSE	2664157	TRUE
BRZ070	N724	CGCTCAGT	S505	GTAAGGAG	B	Brienz	Alpine	Aare	17-12-14	138	25	M	1	frozen	C.albellus	106	Bien	muscle	1	FALSE	4059995	TRUE
THU106	N724	CGCTCAGT	S506	ACTGCATA	B	Thun	Alpine	Aare	17-10-11	275	286	F	4	frozen	C.profundus	86.6	Bien	muscle	1	FALSE	6179465	TRUE
LAN087	N724	CGCTCAGT	S507	AAGGAGTA	B	Langfjordvatn	Arctic	Tana	17-09-11	229	136	M	14	fresh	NA	50.4	Bien	muscle	1	FALSE	4981718	TRUE
SUO082	N724	CGCTCAGT	S508	CTAAGCCT	B	Suopatjavri	Arctic	Kautokeinoelva	17-09-29	221	104	F	6	frozen	NA	218	Utilizable	gills	3	FALSE	3349521	TRUE
BRZ071	N724	CGCTCAGT	S510	CGTCTAAT	B	Brienz	Alpine	Aare	17-12-14	118	17	M	1	frozen	C.albellus	101.6	Utilizable	muscle	1	FALSE	2304408	TRUE
THU107	N724	CGCTCAGT	S511	TCTCTCCG	B	Thun	Alpine	Aare	17-10-11	275	260	F	3	frozen	C.profundus	179.6	Bien	muscle	1	FALSE	5114091	TRUE
THU113	N724	CGCTCAGT	S513	TCGACTAG	D	Thun	Alpine	Aare	17-10-11	250	269	F	4	frozen	C.profundus	114	Degradado	muscle	1	FALSE	2661858	TRUE
LAN095	N724	CGCTCAGT	S515	TTCTAGCT	D	Langfjordvatn	Arctic	Tana	17-09-18	198	86	M	9	frozen	NA	181.6	Bien	muscle	1	FALSE	6859699	TRUE
HOP052	N724	CGCTCAGT	S516	CCTAGAGT	NA	NA	NA	NA	NA	NA	NA	NA	NA	NA	NA	NA	NA	NA	NA	NA	15237	FALSE
HOP053	N724	CGCTCAGT	S517	GCGTAAGA	NA	NA	NA	NA	NA	NA	NA	NA	NA	NA	NA	NA	NA	NA	NA	NA	13084	FALSE
HOP054	N724	CGCTCAGT	S518	CTATTAAG	NA	NA	NA	NA	NA	NA	NA	NA	NA	NA	NA	NA	NA	NA	NA	NA	14778	FALSE
HOP055	N724	CGCTCAGT	S520	AAGGCTAT	NA	NA	NA	NA	NA	NA	NA	NA	NA	NA	NA	NA	NA	NA	NA	NA	14960	FALSE
HOP056	N724	CGCTCAGT	S521	GAGCCTTA	NA	NA	NA	NA	NA	NA	NA	NA	NA	NA	NA	NA	NA	NA	NA	NA	945	FALSE
HOP057	N724	CGCTCAGT	S522	TTATGCGA	NA	NA	NA	NA	NA	NA	NA	NA	NA	NA	NA	NA	NA	NA	NA	NA	827	FALSE
WAL041	N726	GTCTTAGG	S502	CTCTCTAT	B	Walen	Alpine	Limmat	17-11-28	184	63	M	2	frozen	C.heglingus	170.8	Bien	muscle	1	FALSE	5745225	TRUE
LAN088	N726	GTCTTAGG	S503	TATCCTCT	B	Langfjordvatn	Arctic	Tana	17-09-11	193	77	F	10	fresh	NA	120	Bien	muscle	1	FALSE	4746129	TRUE
SUO083	N726	GTCTTAGG	S505	GTAAGGAG	B	Suopatjavri	Arctic	Kautokeinoelva	17-09-25	252	167	F	8	frozen	NA	129	Utilizable	gills	3	FALSE	721351	TRUE
BRZ083	N726	GTCTTAGG	S506	ACTGCATA	B	Brienz	Alpine	Aare	17-12-14	243	203	F	2	frozen	C.fatioi	248	Bien	muscle	1	FALSE	6218542	TRUE
THU108	N726	GTCTTAGG	S507	AAGGAGTA	B	Thun	Alpine	Aare	17-10-11	255	236	F	4	frozen	C.profundus	108	Bien	muscle	1	FALSE	6212677	TRUE
LAN089	N726	GTCTTAGG	S508	CTAAGCCT	B	Langfjordvatn	Arctic	Tana	17-09-11	212	106	M	11	fresh	NA	67.2	Bien	muscle	1	FALSE	5673066	TRUE
SUO084	N726	GTCTTAGG	S510	CGTCTAAT	B	Suopatjavri	Arctic	Kautokeinoelva	17-09-25	214	96	M	5	frozen	NA	392	UtilizableBanda	gills	3	FALSE	3965317	TRUE
BRZ099	N726	GTCTTAGG	S511	TCTCTCCG	B	Brienz	Alpine	Aare	17-12-14	231	146	F	1	frozen	C.fatioi	284	Bien	muscle	1	FALSE	4239372	TRUE
HOP058	N726	GTCTTAGG	S513	TCGACTAG	NA	NA	NA	NA	NA	NA	NA	NA	NA	NA	NA	NA	NA	NA	NA	NA	10194	FALSE
HOP059	N726	GTCTTAGG	S515	TTCTAGCT	NA	NA	NA	NA	NA	NA	NA	NA	NA	NA	NA	NA	NA	NA	NA	NA	10080	FALSE
HOP060	N726	GTCTTAGG	S516	CCTAGAGT	NA	NA	NA	NA	NA	NA	NA	NA	NA	NA	NA	NA	NA	NA	NA	NA	11268	FALSE
HOP061	N726	GTCTTAGG	S517	GCGTAAGA	NA	NA	NA	NA	NA	NA	NA	NA	NA	NA	NA	NA	NA	NA	NA	NA	9332	FALSE
HOP062	N726	GTCTTAGG	S518	CTATTAAG	NA	NA	NA	NA	NA	NA	NA	NA	NA	NA	NA	NA	NA	NA	NA	NA	10504	FALSE
HOP063	N726	GTCTTAGG	S520	AAGGCTAT	NA	NA	NA	NA	NA	NA	NA	NA	NA	NA	NA	NA	NA	NA	NA	NA	10828	FALSE
HOP064	N726	GTCTTAGG	S521	GAGCCTTA	NA	NA	NA	NA	NA	NA	NA	NA	NA	NA	NA	NA	NA	NA	NA	NA	711	FALSE
HOP065	N726	GTCTTAGG	S522	TTATGCGA	NA	NA	NA	NA	NA	NA	NA	NA	NA	NA	NA	NA	NA	NA	NA	NA	512	FALSE
THU109	N727	ACTGATCG	S502	CTCTCTAT	B	Thun	Alpine	Aare	17-10-11	275	251	F	3	frozen	C.profundus	89.4	Bien	muscle	1	FALSE	5459173	TRUE
WAL042	N727	ACTGATCG	S503	TATCCTCT	B	Walen	Alpine	Limmat	17-11-28	169	50	F	4	frozen	C.heglingus	118	Bien	muscle	1	FALSE	3154776	TRUE
LAN090	N727	ACTGATCG	S505	GTAAGGAG	B	Langfjordvatn	Arctic	Tana	17-09-11	203	85	M	13	fresh	D	122	Bien	muscle	1	FALSE	5478604	TRUE
SUO087	N727	ACTGATCG	S506	ACTGCATA	B	Suopatjavri	Arctic	Kautokeinoelva	17-09-25	250	179	F	8	frozen	NA	246	Bien	muscle	1	FALSE	5458935	TRUE
BRZ107	N727	ACTGATCG	S507	AAGGAGTA	B	Brienz	Alpine	Aare	17-08-16	238	172	M	2	frozen	C.fatioi	86.9	Degradado	muscle	1	FALSE	4158958	TRUE
THU110	N727	ACTGATCG	S508	CTAAGCCT	B	Thun	Alpine	Aare	17-10-11	235	196	F	4	frozen	C.profundus	114	UtilizableBanda	muscle	1	FALSE	1508174	TRUE
LAN092	N727	ACTGATCG	S510	CGTCTAAT	B	Langfjordvatn	Arctic	Tana	17-09-18	212	105	M	9	frozen	NA	157.2	Bien	muscle	1	FALSE	4649672	TRUE
SUO088	N727	ACTGATCG	S511	TCTCTCCG	B	Suopatjavri	Arctic	Kautokeinoelva	17-09-25	230	120	M	4	frozen	NA	262	Bien	muscle	1	FALSE	5065206	TRUE
HOP066	N727	ACTGATCG	S513	TCGACTAG	NA	NA	NA	NA	NA	NA	NA	NA	NA	NA	NA	NA	NA	NA	NA	NA	10265	FALSE
HOP067	N727	ACTGATCG	S515	TTCTAGCT	NA	NA	NA	NA	NA	NA	NA	NA	NA	NA	NA	NA	NA	NA	NA	NA	9989	FALSE
HOP068	N727	ACTGATCG	S516	CCTAGAGT	NA	NA	NA	NA	NA	NA	NA	NA	NA	NA	NA	NA	NA	NA	NA	NA	11022	FALSE
HOP069	N727	ACTGATCG	S517	GCGTAAGA	NA	NA	NA	NA	NA	NA	NA	NA	NA	NA	NA	NA	NA	NA	NA	NA	9302	FALSE
HOP070	N727	ACTGATCG	S518	CTATTAAG	NA	NA	NA	NA	NA	NA	NA	NA	NA	NA	NA	NA	NA	NA	NA	NA	10694	FALSE
HOP071	N727	ACTGATCG	S520	AAGGCTAT	NA	NA	NA	NA	NA	NA	NA	NA	NA	NA	NA	NA	NA	NA	NA	NA	10746	FALSE
HOP072	N727	ACTGATCG	S521	GAGCCTTA	NA	NA	NA	NA	NA	NA	NA	NA	NA	NA	NA	NA	NA	NA	NA	NA	674	FALSE
HOP073	N727	ACTGATCG	S522	TTATGCGA	NA	NA	NA	NA	NA	NA	NA	NA	NA	NA	NA	NA	NA	NA	NA	NA	628	FALSE
HOP074	N728	TAGCTGCA	S502	CTCTCTAT	NA	NA	NA	NA	NA	NA	NA	NA	NA	NA	NA	NA	NA	NA	NA	NA	2577	FALSE
HOP075	N728	TAGCTGCA	S503	TATCCTCT	NA	NA	NA	NA	NA	NA	NA	NA	NA	NA	NA	NA	NA	NA	NA	NA	2772	FALSE
HOP076	N728	TAGCTGCA	S505	GTAAGGAG	NA	NA	NA	NA	NA	NA	NA	NA	NA	NA	NA	NA	NA	NA	NA	NA	2127	FALSE
HOP077	N728	TAGCTGCA	S506	ACTGCATA	NA	NA	NA	NA	NA	NA	NA	NA	NA	NA	NA	NA	NA	NA	NA	NA	3019	FALSE
HOP078	N728	TAGCTGCA	S507	AAGGAGTA	NA	NA	NA	NA	NA	NA	NA	NA	NA	NA	NA	NA	NA	NA	NA	NA	2586	FALSE
HOP079	N728	TAGCTGCA	S508	CTAAGCCT	NA	NA	NA	NA	NA	NA	NA	NA	NA	NA	NA	NA	NA	NA	NA	NA	2445	FALSE
HOP080	N728	TAGCTGCA	S510	CGTCTAAT	NA	NA	NA	NA	NA	NA	NA	NA	NA	NA	NA	NA	NA	NA	NA	NA	2203	FALSE
HOP081	N728	TAGCTGCA	S511	TCTCTCCG	NA	NA	NA	NA	NA	NA	NA	NA	NA	NA	NA	NA	NA	NA	NA	NA	2667	FALSE
HOP082	N728	TAGCTGCA	S513	TCGACTAG	NA	NA	NA	NA	NA	NA	NA	NA	NA	NA	NA	NA	NA	NA	NA	NA	1779	FALSE
HOP083	N728	TAGCTGCA	S515	TTCTAGCT	NA	NA	NA	NA	NA	NA	NA	NA	NA	NA	NA	NA	NA	NA	NA	NA	1822	FALSE
HOP084	N728	TAGCTGCA	S516	CCTAGAGT	NA	NA	NA	NA	NA	NA	NA	NA	NA	NA	NA	NA	NA	NA	NA	NA	1965	FALSE
HOP085	N728	TAGCTGCA	S517	GCGTAAGA	NA	NA	NA	NA	NA	NA	NA	NA	NA	NA	NA	NA	NA	NA	NA	NA	1887	FALSE
HOP086	N728	TAGCTGCA	S518	CTATTAAG	NA	NA	NA	NA	NA	NA	NA	NA	NA	NA	NA	NA	NA	NA	NA	NA	1932	FALSE
HOP087	N728	TAGCTGCA	S520	AAGGCTAT	NA	NA	NA	NA	NA	NA	NA	NA	NA	NA	NA	NA	NA	NA	NA	NA	1926	FALSE
175621	N728	TAGCTGCA	S521	GAGCCTTA	D	Zürichsee	Alpine	Limmat	17-12-13	246	125	F	4	frozen	C.zuerichensis	73.2	Bien	muscle	1	FALSE	6250797	TRUE
HOP088	N728	TAGCTGCA	S522	TTATGCGA	NA	NA	NA	NA	NA	NA	NA	NA	NA	NA	NA	NA	NA	NA	NA	NA	94	FALSE
HOP089	N729	GACGTCGA	S502	CTCTCTAT	NA	NA	NA	NA	NA	NA	NA	NA	NA	NA	NA	NA	NA	NA	NA	NA	0	FALSE
HOP090	N729	GACGTCGA	S503	TATCCTCT	NA	NA	NA	NA	NA	NA	NA	NA	NA	NA	NA	NA	NA	NA	NA	NA	1	FALSE
HOP091	N729	GACGTCGA	S505	GTAAGGAG	NA	NA	NA	NA	NA	NA	NA	NA	NA	NA	NA	NA	NA	NA	NA	NA	0	FALSE
HOP092	N729	GACGTCGA	S506	ACTGCATA	NA	NA	NA	NA	NA	NA	NA	NA	NA	NA	NA	NA	NA	NA	NA	NA	2	FALSE
HOP093	N729	GACGTCGA	S507	AAGGAGTA	NA	NA	NA	NA	NA	NA	NA	NA	NA	NA	NA	NA	NA	NA	NA	NA	0	FALSE
HOP094	N729	GACGTCGA	S508	CTAAGCCT	NA	NA	NA	NA	NA	NA	NA	NA	NA	NA	NA	NA	NA	NA	NA	NA	0	FALSE
HOP095	N729	GACGTCGA	S510	CGTCTAAT	NA	NA	NA	NA	NA	NA	NA	NA	NA	NA	NA	NA	NA	NA	NA	NA	1	FALSE
HOP096	N729	GACGTCGA	S511	TCTCTCCG	NA	NA	NA	NA	NA	NA	NA	NA	NA	NA	NA	NA	NA	NA	NA	NA	1	FALSE
HOP097	N729	GACGTCGA	S513	TCGACTAG	NA	NA	NA	NA	NA	NA	NA	NA	NA	NA	NA	NA	NA	NA	NA	NA	0	FALSE
HOP098	N729	GACGTCGA	S515	TTCTAGCT	NA	NA	NA	NA	NA	NA	NA	NA	NA	NA	NA	NA	NA	NA	NA	NA	0	FALSE
HOP099	N729	GACGTCGA	S516	CCTAGAGT	NA	NA	NA	NA	NA	NA	NA	NA	NA	NA	NA	NA	NA	NA	NA	NA	1	FALSE
HOP100	N729	GACGTCGA	S517	GCGTAAGA	NA	NA	NA	NA	NA	NA	NA	NA	NA	NA	NA	NA	NA	NA	NA	NA	0	FALSE
HOP101	N729	GACGTCGA	S518	CTATTAAG	NA	NA	NA	NA	NA	NA	NA	NA	NA	NA	NA	NA	NA	NA	NA	NA	0	FALSE
HOP102	N729	GACGTCGA	S520	AAGGCTAT	NA	NA	NA	NA	NA	NA	NA	NA	NA	NA	NA	NA	NA	NA	NA	NA	0	FALSE
HOP103	N729	GACGTCGA	S521	GAGCCTTA	NA	NA	NA	NA	NA	NA	NA	NA	NA	NA	NA	NA	NA	NA	NA	NA	1	FALSE
HOP104	N729	GACGTCGA	S522	TTATGCGA	NA	NA	NA	NA	NA	NA	NA	NA	NA	NA	NA	NA	NA	NA	NA	NA	0	FALSE
